Frequency (A),Statistical unit (REG_KCPE),Sex (M),Unit of measure (NUMBER),Breakdown group identifier (_Z),Time period (2015),Observation,Observation Status,Unit Multiplier,Note for Statistical Unit,Note for Reference Sector,Note for Breakdown Group,Note for Dataset,Reference Period Details,Note for Education Level,Time Period Details,Source
Annual,Registered KCPE Candidates,Male,Number,Not Applicable,2015,467904,,,,,,KCPE was not done in 2020 but was done in March 2021,,,,Kenya National Bureau of Statistics
Annual,Registered KCPE Candidates,Male,Number,Not Applicable,2016,473684,,,,,,KCPE was not done in 2020 but was done in March 2021,,,,Kenya National Bureau of Statistics
Annual,Registered KCPE Candidates,Male,Number,Not Applicable,2017,498775,,,,,,KCPE was not done in 2020 but was done in March 2021,,,,Kenya National Bureau of Statistics
Annual,Registered KCPE Candidates,Male,Number,Not Applicable,2018,531434,,,,,,KCPE was not done in 2020 but was done in March 2021,,,,Kenya National Bureau of Statistics
Annual,Registered KCPE Candidates,Male,Number,Not Applicable,2019,546376,,,,,,KCPE was not done in 2020 but was done in March 2021,,,,Kenya National Bureau of Statistics
Annual,Registered KCPE Candidates,Male,Number,Not Applicable,2020,596436,,,,,,KCPE was not done in 2020 but was done in March 2021,,,,Kenya National Bureau of Statistics
Annual,Registered KCPE Candidates,Male,Number,Not Applicable,2021,616296,,,,,,KCPE was not done in 2020 but was done in March 2021,,,,Kenya National Bureau of Statistics
Annual,Registered KCPE Candidates,Male,Number,Not Applicable,2022,626557,,,,,,KCPE was not done in 2020 but was done in March 2021,,,,Kenya National Bureau of Statistics
Annual,Registered KCPE Candidates,Male,Number,Not Applicable,2023,726565,,,,,,KCPE was not done in 2020 but was done in March 2021,,,,Kenya National Bureau of Statistics
Annual,Registered KCPE Candidates,Male,Number,Not Applicable,2024,,,,,,,KCPE was not done in 2020 but was done in March 2021,,,,Kenya National Bureau of Statistics
Annual,Registered KCPE Candidates,Male,Number,Not Applicable,2025,663673,,,,,,KCPE was not done in 2020 but was done in March 2021,,,Provisional value,Kenya National Bureau of Statistics
Annual,Registered KCPE Candidates,Female,Number,Not Applicable,2015,459885,,,,,,KCPE was not done in 2020 but was done in March 2021,,,,Kenya National Bureau of Statistics
Annual,Registered KCPE Candidates,Female,Number,Not Applicable,2016,478706,,,,,,KCPE was not done in 2020 but was done in March 2021,,,,Kenya National Bureau of Statistics
Annual,Registered KCPE Candidates,Female,Number,Not Applicable,2017,494943,,,,,,KCPE was not done in 2020 but was done in March 2021,,,,Kenya National Bureau of Statistics
Annual,Registered KCPE Candidates,Female,Number,Not Applicable,2018,529276,,,,,,KCPE was not done in 2020 but was done in March 2021,,,,Kenya National Bureau of Statistics
Annual,Registered KCPE Candidates,Female,Number,Not Applicable,2019,542610,,,,,,KCPE was not done in 2020 but was done in March 2021,,,,Kenya National Bureau of Statistics
Annual,Registered KCPE Candidates,Female,Number,Not Applicable,2020,595180,,,,,,KCPE was not done in 2020 but was done in March 2021,,,,Kenya National Bureau of Statistics
Annual,Registered KCPE Candidates,Female,Number,Not Applicable,2021,609258,,,,,,KCPE was not done in 2020 but was done in March 2021,,,,Kenya National Bureau of Statistics
Annual,Registered KCPE Candidates,Female,Number,Not Applicable,2022,617775,,,,,,KCPE was not done in 2020 but was done in March 2021,,,,Kenya National Bureau of Statistics
Annual,Registered KCPE Candidates,Female,Number,Not Applicable,2023,689462,,,,,,KCPE was not done in 2020 but was done in March 2021,,,,Kenya National Bureau of Statistics
Annual,Registered KCPE Candidates,Female,Number,Not Applicable,2024,,,,,,,KCPE was not done in 2020 but was done in March 2021,,,,Kenya National Bureau of Statistics
Annual,Registered KCPE Candidates,Female,Number,Not Applicable,2025,633637,,,,,,KCPE was not done in 2020 but was done in March 2021,,,Provisional value,Kenya National Bureau of Statistics
Annual,Registered KCPE Candidates,Total,Number,Not Applicable,2015,927789,,,,,,KCPE was not done in 2020 but was done in March 2021,,,,Kenya National Bureau of Statistics
Annual,Registered KCPE Candidates,Total,Number,Not Applicable,2016,952390,,,,,,KCPE was not done in 2020 but was done in March 2021,,,,Kenya National Bureau of Statistics
Annual,Registered KCPE Candidates,Total,Number,Not Applicable,2017,993718,,,,,,KCPE was not done in 2020 but was done in March 2021,,,,Kenya National Bureau of Statistics
Annual,Registered KCPE Candidates,Total,Number,Not Applicable,2018,1060710,,,,,,KCPE was not done in 2020 but was done in March 2021,,,,Kenya National Bureau of Statistics
Annual,Registered KCPE Candidates,Total,Number,Not Applicable,2019,1088986,,,,,,KCPE was not done in 2020 but was done in March 2021,,,,Kenya National Bureau of Statistics
Annual,Registered KCPE Candidates,Total,Number,Not Applicable,2020,1191616,,,,,,KCPE was not done in 2020 but was done in March 2021,,,,Kenya National Bureau of Statistics
Annual,Registered KCPE Candidates,Total,Number,Not Applicable,2021,1225554,,,,,,KCPE was not done in 2020 but was done in March 2021,,,,Kenya National Bureau of Statistics
Annual,Registered KCPE Candidates,Total,Number,Not Applicable,2022,1244332,,,,,,KCPE was not done in 2020 but was done in March 2021,,,,Kenya National Bureau of Statistics
Annual,Registered KCPE Candidates,Total,Number,Not Applicable,2023,1416027,,,,,,KCPE was not done in 2020 but was done in March 2021,,,,Kenya National Bureau of Statistics
Annual,Registered KCPE Candidates,Total,Number,Not Applicable,2024,,,,,,,KCPE was not done in 2020 but was done in March 2021,,,,Kenya National Bureau of Statistics
Annual,Registered KCPE Candidates,Total,Number,Not Applicable,2025,1297310,,,,,,KCPE was not done in 2020 but was done in March 2021,,,Provisional value,Kenya National Bureau of Statistics
Annual,Candidates who sat for KCPE,Male,Number,Not Applicable,2015,,,,,,,KCPE was not done in 2020 but was done in March 2021,,,,Kenya National Bureau of Statistics
Annual,Candidates who sat for KCPE,Male,Number,Not Applicable,2016,,,,,,,KCPE was not done in 2020 but was done in March 2021,,,,Kenya National Bureau of Statistics
Annual,Candidates who sat for KCPE,Male,Number,Not Applicable,2017,,,,,,,KCPE was not done in 2020 but was done in March 2021,,,,Kenya National Bureau of Statistics
Annual,Candidates who sat for KCPE,Male,Number,Not Applicable,2018,529215,,,,,,KCPE was not done in 2020 but was done in March 2021,,,,Kenya National Bureau of Statistics
Annual,Candidates who sat for KCPE,Male,Number,Not Applicable,2019,543582,,,,,,KCPE was not done in 2020 but was done in March 2021,,,,Kenya National Bureau of Statistics
Annual,Candidates who sat for KCPE,Male,Number,Not Applicable,2020,590450,,,,,,KCPE was not done in 2020 but was done in March 2021,,,,Kenya National Bureau of Statistics
Annual,Candidates who sat for KCPE,Male,Number,Not Applicable,2021,610384,,,,,,KCPE was not done in 2020 but was done in March 2021,,,,Kenya National Bureau of Statistics
Annual,Candidates who sat for KCPE,Male,Number,Not Applicable,2022,620693,,,,,,KCPE was not done in 2020 but was done in March 2021,,,,Kenya National Bureau of Statistics
Annual,Candidates who sat for KCPE,Male,Number,Not Applicable,2023,726071,,,,,,KCPE was not done in 2020 but was done in March 2021,,,,Kenya National Bureau of Statistics
Annual,Candidates who sat for KCPE,Male,Number,Not Applicable,2024,,,,,,,KCPE was not done in 2020 but was done in March 2021,,,,Kenya National Bureau of Statistics
Annual,Candidates who sat for KCPE,Male,Number,Not Applicable,2025,646610,,,,,,KCPE was not done in 2020 but was done in March 2021,,,Provisional value,Kenya National Bureau of Statistics
Annual,Candidates who sat for KCPE,Female,Number,Not Applicable,2015,,,,,,,KCPE was not done in 2020 but was done in March 2021,,,,Kenya National Bureau of Statistics
Annual,Candidates who sat for KCPE,Female,Number,Not Applicable,2016,,,,,,,KCPE was not done in 2020 but was done in March 2021,,,,Kenya National Bureau of Statistics
Annual,Candidates who sat for KCPE,Female,Number,Not Applicable,2017,,,,,,,KCPE was not done in 2020 but was done in March 2021,,,,Kenya National Bureau of Statistics
Annual,Candidates who sat for KCPE,Female,Number,Not Applicable,2018,531495,,,,,,KCPE was not done in 2020 but was done in March 2021,,,,Kenya National Bureau of Statistics
Annual,Candidates who sat for KCPE,Female,Number,Not Applicable,2019,539874,,,,,,KCPE was not done in 2020 but was done in March 2021,,,,Kenya National Bureau of Statistics
Annual,Candidates who sat for KCPE,Female,Number,Not Applicable,2020,588742,,,,,,KCPE was not done in 2020 but was done in March 2021,,,,Kenya National Bureau of Statistics
Annual,Candidates who sat for KCPE,Female,Number,Not Applicable,2021,603647,,,,,,KCPE was not done in 2020 but was done in March 2021,,,,Kenya National Bureau of Statistics
Annual,Candidates who sat for KCPE,Female,Number,Not Applicable,2022,612703,,,,,,KCPE was not done in 2020 but was done in March 2021,,,,Kenya National Bureau of Statistics
Annual,Candidates who sat for KCPE,Female,Number,Not Applicable,2023,689054,,,,,,KCPE was not done in 2020 but was done in March 2021,,,,Kenya National Bureau of Statistics
Annual,Candidates who sat for KCPE,Female,Number,Not Applicable,2024,,,,,,,KCPE was not done in 2020 but was done in March 2021,,,,Kenya National Bureau of Statistics
Annual,Candidates who sat for KCPE,Female,Number,Not Applicable,2025,619911,,,,,,KCPE was not done in 2020 but was done in March 2021,,,Provisional value,Kenya National Bureau of Statistics
Annual,Candidates who sat for KCPE,Total,Number,Not Applicable,2015,,,,,,,KCPE was not done in 2020 but was done in March 2021,,,,Kenya National Bureau of Statistics
Annual,Candidates who sat for KCPE,Total,Number,Not Applicable,2016,,,,,,,KCPE was not done in 2020 but was done in March 2021,,,,Kenya National Bureau of Statistics
Annual,Candidates who sat for KCPE,Total,Number,Not Applicable,2017,,,,,,,KCPE was not done in 2020 but was done in March 2021,,,,Kenya National Bureau of Statistics
Annual,Candidates who sat for KCPE,Total,Number,Not Applicable,2018,1060710,,,,,,KCPE was not done in 2020 but was done in March 2021,,,,Kenya National Bureau of Statistics
Annual,Candidates who sat for KCPE,Total,Number,Not Applicable,2019,1083456,,,,,,KCPE was not done in 2020 but was done in March 2021,,,,Kenya National Bureau of Statistics
Annual,Candidates who sat for KCPE,Total,Number,Not Applicable,2020,1179192,,,,,,KCPE was not done in 2020 but was done in March 2021,,,,Kenya National Bureau of Statistics
Annual,Candidates who sat for KCPE,Total,Number,Not Applicable,2021,1214031,,,,,,KCPE was not done in 2020 but was done in March 2021,,,,Kenya National Bureau of Statistics
Annual,Candidates who sat for KCPE,Total,Number,Not Applicable,2022,1233396,,,,,,KCPE was not done in 2020 but was done in March 2021,,,,Kenya National Bureau of Statistics
Annual,Candidates who sat for KCPE,Total,Number,Not Applicable,2023,1415125,,,,,,KCPE was not done in 2020 but was done in March 2021,,,,Kenya National Bureau of Statistics
Annual,Candidates who sat for KCPE,Total,Number,Not Applicable,2024,,,,,,,KCPE was not done in 2020 but was done in March 2021,,,,Kenya National Bureau of Statistics
Annual,Candidates who sat for KCPE,Total,Number,Not Applicable,2025,1266521,,,,,,KCPE was not done in 2020 but was done in March 2021,,,Provisional value,Kenya National Bureau of Statistics
Annual,Subject,Total,Number,English Language,2015,,,,,,,KCPE was not done in 2020 but was done in March 2021,,,,Kenya National Bureau of Statistics
Annual,Subject,Total,Number,English Language,2016,,,,,,,KCPE was not done in 2020 but was done in March 2021,,,,Kenya National Bureau of Statistics
Annual,Subject,Total,Number,English Language,2017,,,,,,,KCPE was not done in 2020 but was done in March 2021,,,,Kenya National Bureau of Statistics
Annual,Subject,Total,Number,English Language,2018,,,,,,,KCPE was not done in 2020 but was done in March 2021,,,,Kenya National Bureau of Statistics
Annual,Subject,Total,Number,English Language,2019,,,,,,,KCPE was not done in 2020 but was done in March 2021,,,,Kenya National Bureau of Statistics
Annual,Subject,Total,Number,English Language,2020,,,,,,,KCPE was not done in 2020 but was done in March 2021,,,,Kenya National Bureau of Statistics
Annual,Subject,Total,Number,English Language,2021,,,,,,,KCPE was not done in 2020 but was done in March 2021,,,,Kenya National Bureau of Statistics
Annual,Subject,Total,Number,English Language,2022,,,,,,,KCPE was not done in 2020 but was done in March 2021,,,,Kenya National Bureau of Statistics
Annual,Subject,Total,Number,English Language,2023,,,,,,,KCPE was not done in 2020 but was done in March 2021,,,,Kenya National Bureau of Statistics
Annual,Subject,Total,Number,English Language,2024,,,,,,,KCPE was not done in 2020 but was done in March 2021,,,,Kenya National Bureau of Statistics
Annual,Subject,Total,Number,English Language,2025,,,,,,,KCPE was not done in 2020 but was done in March 2021,,,Provisional value,Kenya National Bureau of Statistics
Annual,Subject,Total,Number,English Composition,2015,49.98,,,,,,KCPE was not done in 2020 but was done in March 2021,,,,Kenya National Bureau of Statistics
Annual,Subject,Total,Number,English Composition,2016,50.52,,,,,,KCPE was not done in 2020 but was done in March 2021,,,,Kenya National Bureau of Statistics
Annual,Subject,Total,Number,English Composition,2017,47.63,,,,,,KCPE was not done in 2020 but was done in March 2021,,,,Kenya National Bureau of Statistics
Annual,Subject,Total,Number,English Composition,2018,54.69,,,,,,KCPE was not done in 2020 but was done in March 2021,,,,Kenya National Bureau of Statistics
Annual,Subject,Total,Number,English Composition,2019,53.47,,,,,,KCPE was not done in 2020 but was done in March 2021,,,,Kenya National Bureau of Statistics
Annual,Subject,Total,Number,English Composition,2020,53.51,,,,,,KCPE was not done in 2020 but was done in March 2021,,,,Kenya National Bureau of Statistics
Annual,Subject,Total,Number,English Composition,2021,49.06,,,,,,KCPE was not done in 2020 but was done in March 2021,,,,Kenya National Bureau of Statistics
Annual,Subject,Total,Number,English Composition,2022,49.72,,,,,,KCPE was not done in 2020 but was done in March 2021,,,,Kenya National Bureau of Statistics
Annual,Subject,Total,Number,English Composition,2023,55,,,,,,KCPE was not done in 2020 but was done in March 2021,,,,Kenya National Bureau of Statistics
Annual,Subject,Total,Number,English Composition,2024,,,,,,,KCPE was not done in 2020 but was done in March 2021,,,,Kenya National Bureau of Statistics
Annual,Subject,Total,Number,English Composition,2025,,,,,,,KCPE was not done in 2020 but was done in March 2021,,,Provisional value,Kenya National Bureau of Statistics
Annual,Subject,Total,Number,Kiswahili,2015,41.38,,,,,,KCPE was not done in 2020 but was done in March 2021,,,,Kenya National Bureau of Statistics
Annual,Subject,Total,Number,Kiswahili,2016,40.26,,,,,,KCPE was not done in 2020 but was done in March 2021,,,,Kenya National Bureau of Statistics
Annual,Subject,Total,Number,Kiswahili,2017,39.6,,,,,,KCPE was not done in 2020 but was done in March 2021,,,,Kenya National Bureau of Statistics
Annual,Subject,Total,Number,Kiswahili,2018,39.39,,,,,,KCPE was not done in 2020 but was done in March 2021,,,,Kenya National Bureau of Statistics
Annual,Subject,Total,Number,Kiswahili,2019,39.9099999999999,,,,,,KCPE was not done in 2020 but was done in March 2021,,,,Kenya National Bureau of Statistics
Annual,Subject,Total,Number,Kiswahili,2020,41.56,,,,,,KCPE was not done in 2020 but was done in March 2021,,,,Kenya National Bureau of Statistics
Annual,Subject,Total,Number,Kiswahili,2021,41.7,,,,,,KCPE was not done in 2020 but was done in March 2021,,,,Kenya National Bureau of Statistics
Annual,Subject,Total,Number,Kiswahili,2022,40.33,,,,,,KCPE was not done in 2020 but was done in March 2021,,,,Kenya National Bureau of Statistics
Annual,Subject,Total,Number,Kiswahili,2023,37.7,,,,,,KCPE was not done in 2020 but was done in March 2021,,,,Kenya National Bureau of Statistics
Annual,Subject,Total,Number,Kiswahili,2024,,,,,,,KCPE was not done in 2020 but was done in March 2021,,,,Kenya National Bureau of Statistics
Annual,Subject,Total,Number,Kiswahili,2025,,,,,,,KCPE was not done in 2020 but was done in March 2021,,,Provisional value,Kenya National Bureau of Statistics
Annual,Subject,Total,Number,Kiswahili Lugha,2015,,,,,,,KCPE was not done in 2020 but was done in March 2021,,,,Kenya National Bureau of Statistics
Annual,Subject,Total,Number,Kiswahili Lugha,2016,,,,,,,KCPE was not done in 2020 but was done in March 2021,,,,Kenya National Bureau of Statistics
Annual,Subject,Total,Number,Kiswahili Lugha,2017,,,,,,,KCPE was not done in 2020 but was done in March 2021,,,,Kenya National Bureau of Statistics
Annual,Subject,Total,Number,Kiswahili Lugha,2018,,,,,,,KCPE was not done in 2020 but was done in March 2021,,,,Kenya National Bureau of Statistics
Annual,Subject,Total,Number,Kiswahili Lugha,2019,,,,,,,KCPE was not done in 2020 but was done in March 2021,,,,Kenya National Bureau of Statistics
Annual,Subject,Total,Number,Kiswahili Lugha,2020,,,,,,,KCPE was not done in 2020 but was done in March 2021,,,,Kenya National Bureau of Statistics
Annual,Subject,Total,Number,Kiswahili Lugha,2021,,,,,,,KCPE was not done in 2020 but was done in March 2021,,,,Kenya National Bureau of Statistics
Annual,Subject,Total,Number,Kiswahili Lugha,2022,,,,,,,KCPE was not done in 2020 but was done in March 2021,,,,Kenya National Bureau of Statistics
Annual,Subject,Total,Number,Kiswahili Lugha,2023,,,,,,,KCPE was not done in 2020 but was done in March 2021,,,,Kenya National Bureau of Statistics
Annual,Subject,Total,Number,Kiswahili Lugha,2024,,,,,,,KCPE was not done in 2020 but was done in March 2021,,,,Kenya National Bureau of Statistics
Annual,Subject,Total,Number,Kiswahili Lugha,2025,,,,,,,KCPE was not done in 2020 but was done in March 2021,,,Provisional value,Kenya National Bureau of Statistics
Annual,Subject,Total,Number,Kiswahili Insha,2015,44.68,,,,,,KCPE was not done in 2020 but was done in March 2021,,,,Kenya National Bureau of Statistics
Annual,Subject,Total,Number,Kiswahili Insha,2016,49.2,,,,,,KCPE was not done in 2020 but was done in March 2021,,,,Kenya National Bureau of Statistics
Annual,Subject,Total,Number,Kiswahili Insha,2017,48.38,,,,,,KCPE was not done in 2020 but was done in March 2021,,,,Kenya National Bureau of Statistics
Annual,Subject,Total,Number,Kiswahili Insha,2018,51.6,,,,,,KCPE was not done in 2020 but was done in March 2021,,,,Kenya National Bureau of Statistics
Annual,Subject,Total,Number,Kiswahili Insha,2019,44.54,,,,,,KCPE was not done in 2020 but was done in March 2021,,,,Kenya National Bureau of Statistics
Annual,Subject,Total,Number,Kiswahili Insha,2020,51.31,,,,,,KCPE was not done in 2020 but was done in March 2021,,,,Kenya National Bureau of Statistics
Annual,Subject,Total,Number,Kiswahili Insha,2021,52.84,,,,,,KCPE was not done in 2020 but was done in March 2021,,,,Kenya National Bureau of Statistics
Annual,Subject,Total,Number,Kiswahili Insha,2022,57.84,,,,,,KCPE was not done in 2020 but was done in March 2021,,,,Kenya National Bureau of Statistics
Annual,Subject,Total,Number,Kiswahili Insha,2023,49.1,,,,,,KCPE was not done in 2020 but was done in March 2021,,,,Kenya National Bureau of Statistics
Annual,Subject,Total,Number,Kiswahili Insha,2024,,,,,,,KCPE was not done in 2020 but was done in March 2021,,,,Kenya National Bureau of Statistics
Annual,Subject,Total,Number,Kiswahili Insha,2025,,,,,,,KCPE was not done in 2020 but was done in March 2021,,,Provisional value,Kenya National Bureau of Statistics
Annual,Subject,Total,Number,Mathematics,2015,54.38,,,,,,KCPE was not done in 2020 but was done in March 2021,,,,Kenya National Bureau of Statistics
Annual,Subject,Total,Number,Mathematics,2016,48.27,,,,,,KCPE was not done in 2020 but was done in March 2021,,,,Kenya National Bureau of Statistics
Annual,Subject,Total,Number,Mathematics,2017,47.88,,,,,,KCPE was not done in 2020 but was done in March 2021,,,,Kenya National Bureau of Statistics
Annual,Subject,Total,Number,Mathematics,2018,46.88,,,,,,KCPE was not done in 2020 but was done in March 2021,,,,Kenya National Bureau of Statistics
Annual,Subject,Total,Number,Mathematics,2019,51.73,,,,,,KCPE was not done in 2020 but was done in March 2021,,,,Kenya National Bureau of Statistics
Annual,Subject,Total,Number,Mathematics,2020,46.88,,,,,,KCPE was not done in 2020 but was done in March 2021,,,,Kenya National Bureau of Statistics
Annual,Subject,Total,Number,Mathematics,2021,53.2,,,,,,KCPE was not done in 2020 but was done in March 2021,,,,Kenya National Bureau of Statistics
Annual,Subject,Total,Number,Mathematics,2022,56.28,,,,,,KCPE was not done in 2020 but was done in March 2021,,,,Kenya National Bureau of Statistics
Annual,Subject,Total,Number,Mathematics,2023,54,,,,,,KCPE was not done in 2020 but was done in March 2021,,,,Kenya National Bureau of Statistics
Annual,Subject,Total,Number,Mathematics,2024,,,,,,,KCPE was not done in 2020 but was done in March 2021,,,,Kenya National Bureau of Statistics
Annual,Subject,Total,Number,Mathematics,2025,,,,,,,KCPE was not done in 2020 but was done in March 2021,,,Provisional value,Kenya National Bureau of Statistics
Annual,Subject,Total,Number,Science,2015,56.16,,,,,,KCPE was not done in 2020 but was done in March 2021,,,,Kenya National Bureau of Statistics
Annual,Subject,Total,Number,Science,2016,45.39,,,,,,KCPE was not done in 2020 but was done in March 2021,,,,Kenya National Bureau of Statistics
Annual,Subject,Total,Number,Science,2017,51.14,,,,,,KCPE was not done in 2020 but was done in March 2021,,,,Kenya National Bureau of Statistics
Annual,Subject,Total,Number,Science,2018,43.13,,,,,,KCPE was not done in 2020 but was done in March 2021,,,,Kenya National Bureau of Statistics
Annual,Subject,Total,Number,Science,2019,49.09,,,,,,KCPE was not done in 2020 but was done in March 2021,,,,Kenya National Bureau of Statistics
Annual,Subject,Total,Number,Science,2020,54.91,,,,,,KCPE was not done in 2020 but was done in March 2021,,,,Kenya National Bureau of Statistics
Annual,Subject,Total,Number,Science,2021,49.56,,,,,,KCPE was not done in 2020 but was done in March 2021,,,,Kenya National Bureau of Statistics
Annual,Subject,Total,Number,Science,2022,47.54,,,,,,KCPE was not done in 2020 but was done in March 2021,,,,Kenya National Bureau of Statistics
Annual,Subject,Total,Number,Science,2023,44.7,,,,,,KCPE was not done in 2020 but was done in March 2021,,,,Kenya National Bureau of Statistics
Annual,Subject,Total,Number,Science,2024,,,,,,,KCPE was not done in 2020 but was done in March 2021,,,,Kenya National Bureau of Statistics
Annual,Subject,Total,Number,Science,2025,,,,,,,KCPE was not done in 2020 but was done in March 2021,,,Provisional value,Kenya National Bureau of Statistics
Annual,Subject,Total,Number,Social Studies and Religious Education,2015,55.48,,,,,,KCPE was not done in 2020 but was done in March 2021,,,,Kenya National Bureau of Statistics
Annual,Subject,Total,Number,Social Studies and Religious Education,2016,61.82,,,,,,KCPE was not done in 2020 but was done in March 2021,,,,Kenya National Bureau of Statistics
Annual,Subject,Total,Number,Social Studies and Religious Education,2017,55.61,,,,,,KCPE was not done in 2020 but was done in March 2021,,,,Kenya National Bureau of Statistics
Annual,Subject,Total,Number,Social Studies and Religious Education,2018,58.96,,,,,,KCPE was not done in 2020 but was done in March 2021,,,,Kenya National Bureau of Statistics
Annual,Subject,Total,Number,Social Studies and Religious Education,2019,56.79,,,,,,KCPE was not done in 2020 but was done in March 2021,,,,Kenya National Bureau of Statistics
Annual,Subject,Total,Number,Social Studies and Religious Education,2020,53.33,,,,,,KCPE was not done in 2020 but was done in March 2021,,,,Kenya National Bureau of Statistics
Annual,Subject,Total,Number,Social Studies and Religious Education,2021,62.94,,,,,,KCPE was not done in 2020 but was done in March 2021,,,,Kenya National Bureau of Statistics
Annual,Subject,Total,Number,Social Studies and Religious Education,2022,59,,,,,,KCPE was not done in 2020 but was done in March 2021,,,,Kenya National Bureau of Statistics
Annual,Subject,Total,Number,Social Studies and Religious Education,2023,56.6,,,,,,KCPE was not done in 2020 but was done in March 2021,,,,Kenya National Bureau of Statistics
Annual,Subject,Total,Number,Social Studies and Religious Education,2024,,,,,,,KCPE was not done in 2020 but was done in March 2021,,,,Kenya National Bureau of Statistics
Annual,Subject,Total,Number,Social Studies and Religious Education,2025,,,,,,,KCPE was not done in 2020 but was done in March 2021,,,Provisional value,Kenya National Bureau of Statistics
Annual,Subject,Total,Number,Social Studies,2015,49.98,,,,,,KCPE was not done in 2020 but was done in March 2021,,,,Kenya National Bureau of Statistics
Annual,Subject,Total,Number,Social Studies,2016,57.38,,,,,,KCPE was not done in 2020 but was done in March 2021,,,,Kenya National Bureau of Statistics
Annual,Subject,Total,Number,Social Studies,2017,57.22,,,,,,KCPE was not done in 2020 but was done in March 2021,,,,Kenya National Bureau of Statistics
Annual,Subject,Total,Number,Social Studies,2018,53.89,,,,,,KCPE was not done in 2020 but was done in March 2021,,,,Kenya National Bureau of Statistics
Annual,Subject,Total,Number,Social Studies,2019,54.25,,,,,,KCPE was not done in 2020 but was done in March 2021,,,,Kenya National Bureau of Statistics
Annual,Subject,Total,Number,Social Studies,2020,56.46,,,,,,KCPE was not done in 2020 but was done in March 2021,,,,Kenya National Bureau of Statistics
Annual,Subject,Total,Number,Social Studies,2021,54.62,,,,,,KCPE was not done in 2020 but was done in March 2021,,,,Kenya National Bureau of Statistics
Annual,Subject,Total,Number,Social Studies,2022,52.58,,,,,,KCPE was not done in 2020 but was done in March 2021,,,,Kenya National Bureau of Statistics
Annual,Subject,Total,Number,Social Studies,2023,52,,,,,,KCPE was not done in 2020 but was done in March 2021,,,,Kenya National Bureau of Statistics
Annual,Subject,Total,Number,Social Studies,2024,,,,,,,KCPE was not done in 2020 but was done in March 2021,,,,Kenya National Bureau of Statistics
Annual,Subject,Total,Number,Social Studies,2025,,,,,,,KCPE was not done in 2020 but was done in March 2021,,,Provisional value,Kenya National Bureau of Statistics
Annual,Subject,Total,Number,Religious Education,2015,70.2,,,,,,KCPE was not done in 2020 but was done in March 2021,,,,Kenya National Bureau of Statistics
Annual,Subject,Total,Number,Religious Education,2016,70.9899999999998,,,,,,KCPE was not done in 2020 but was done in March 2021,,,,Kenya National Bureau of Statistics
Annual,Subject,Total,Number,Religious Education,2017,69.79,,,,,,KCPE was not done in 2020 but was done in March 2021,,,,Kenya National Bureau of Statistics
Annual,Subject,Total,Number,Religious Education,2018,73.08,,,,,,KCPE was not done in 2020 but was done in March 2021,,,,Kenya National Bureau of Statistics
Annual,Subject,Total,Number,Religious Education,2019,62.32,,,,,,KCPE was not done in 2020 but was done in March 2021,,,,Kenya National Bureau of Statistics
Annual,Subject,Total,Number,Religious Education,2020,64.43,,,,,,KCPE was not done in 2020 but was done in March 2021,,,,Kenya National Bureau of Statistics
Annual,Subject,Total,Number,Religious Education,2021,61.5,,,,,,KCPE was not done in 2020 but was done in March 2021,,,,Kenya National Bureau of Statistics
Annual,Subject,Total,Number,Religious Education,2022,61.57,,,,,,KCPE was not done in 2020 but was done in March 2021,,,,Kenya National Bureau of Statistics
Annual,Subject,Total,Number,Religious Education,2023,60.1,,,,,,KCPE was not done in 2020 but was done in March 2021,,,,Kenya National Bureau of Statistics
Annual,Subject,Total,Number,Religious Education,2024,,,,,,,KCPE was not done in 2020 but was done in March 2021,,,,Kenya National Bureau of Statistics
Annual,Subject,Total,Number,Religious Education,2025,,,,,,,KCPE was not done in 2020 but was done in March 2021,,,Provisional value,Kenya National Bureau of Statistics
Annual,Subject,Total,Number,National Mean Score,2015,,,,,,,KCPE was not done in 2020 but was done in March 2021,,,,Kenya National Bureau of Statistics
Annual,Subject,Total,Number,National Mean Score,2016,,,,,,,KCPE was not done in 2020 but was done in March 2021,,,,Kenya National Bureau of Statistics
Annual,Subject,Total,Number,National Mean Score,2017,,,,,,,KCPE was not done in 2020 but was done in March 2021,,,,Kenya National Bureau of Statistics
Annual,Subject,Total,Number,National Mean Score,2018,52.7,,,,,,KCPE was not done in 2020 but was done in March 2021,,,,Kenya National Bureau of Statistics
Annual,Subject,Total,Number,National Mean Score,2019,51.51,,,,,,KCPE was not done in 2020 but was done in March 2021,,,,Kenya National Bureau of Statistics
Annual,Subject,Total,Number,National Mean Score,2020,52.8,,,,,,KCPE was not done in 2020 but was done in March 2021,,,,Kenya National Bureau of Statistics
Annual,Subject,Total,Number,National Mean Score,2021,53.18,,,,,,KCPE was not done in 2020 but was done in March 2021,,,,Kenya National Bureau of Statistics
Annual,Subject,Total,Number,National Mean Score,2022,53.11,,,,,,KCPE was not done in 2020 but was done in March 2021,,,,Kenya National Bureau of Statistics
Annual,Subject,Total,Number,National Mean Score,2023,51.15,,,,,,KCPE was not done in 2020 but was done in March 2021,,,,Kenya National Bureau of Statistics
Annual,Subject,Total,Number,National Mean Score,2024,,,,,,,KCPE was not done in 2020 but was done in March 2021,,,,Kenya National Bureau of Statistics
Annual,Subject,Total,Number,National Mean Score,2025,,,,,,,KCPE was not done in 2020 but was done in March 2021,,,Provisional value,Kenya National Bureau of Statistics
Annual,Examination Centres,Not Applicable,Number,Not Applicable,2015,,,,,,,KCPE was not done in 2020 but was done in March 2021,,,,Kenya National Bureau of Statistics
Annual,Examination Centres,Not Applicable,Number,Not Applicable,2016,,,,,,,KCPE was not done in 2020 but was done in March 2021,,,,Kenya National Bureau of Statistics
Annual,Examination Centres,Not Applicable,Number,Not Applicable,2017,,,,,,,KCPE was not done in 2020 but was done in March 2021,,,,Kenya National Bureau of Statistics
Annual,Examination Centres,Not Applicable,Number,Not Applicable,2018,27157,,,,,,KCPE was not done in 2020 but was done in March 2021,,,,Kenya National Bureau of Statistics
Annual,Examination Centres,Not Applicable,Number,Not Applicable,2019,27808,,,,,,KCPE was not done in 2020 but was done in March 2021,,,,Kenya National Bureau of Statistics
Annual,Examination Centres,Not Applicable,Number,Not Applicable,2020,28467,,,,,,KCPE was not done in 2020 but was done in March 2021,,,,Kenya National Bureau of Statistics
Annual,Examination Centres,Not Applicable,Number,Not Applicable,2021,28460,,,,,,KCPE was not done in 2020 but was done in March 2021,,,,Kenya National Bureau of Statistics
Annual,Examination Centres,Not Applicable,Number,Not Applicable,2022,28405,,,,,,KCPE was not done in 2020 but was done in March 2021,,,,Kenya National Bureau of Statistics
Annual,Examination Centres,Not Applicable,Number,Not Applicable,2023,28533,,,,,,KCPE was not done in 2020 but was done in March 2021,,,,Kenya National Bureau of Statistics
Annual,Examination Centres,Not Applicable,Number,Not Applicable,2024,,,,,,,KCPE was not done in 2020 but was done in March 2021,,,,Kenya National Bureau of Statistics
Annual,Examination Centres,Not Applicable,Number,Not Applicable,2025,32367,,,,,,KCPE was not done in 2020 but was done in March 2021,,,Provisional value,Kenya National Bureau of Statistics
