Frequency (A),Education level (_T),Grade / year of study (_T),Sex (M),Unit of measure (NUMBER),Time period (2015),Observation,Observation Status,Unit Multiplier,Note for Statistical Unit,Note for Reference Sector,Note for Breakdown Group,Note for Dataset,Reference Period Details,Note for Education Level,Time Period Details,Source
Annual,Total or no breakdown by education level,Total,Male,Number,2015,,,Thousands,,,,,,,,Kenya National Bureau of Statistics
Annual,Total or no breakdown by education level,Total,Male,Number,2016,,,Thousands,,,,,,,,Kenya National Bureau of Statistics
Annual,Total or no breakdown by education level,Total,Male,Number,2017,,,Thousands,,,,,,,,Kenya National Bureau of Statistics
Annual,Total or no breakdown by education level,Total,Male,Number,2018,,,Thousands,,,,,,,,Kenya National Bureau of Statistics
Annual,Total or no breakdown by education level,Total,Male,Number,2019,,,Thousands,,,,,,,,Kenya National Bureau of Statistics
Annual,Total or no breakdown by education level,Total,Male,Number,2020,5191.4,,Thousands,,,,,,,,Kenya National Bureau of Statistics
Annual,Total or no breakdown by education level,Total,Male,Number,2021,5243.5,,Thousands,,,,,,,,Kenya National Bureau of Statistics
Annual,Total or no breakdown by education level,Total,Male,Number,2022,5248.2,,Thousands,,,,,,,,Kenya National Bureau of Statistics
Annual,Total or no breakdown by education level,Total,Male,Number,2023,5277.4,,Thousands,,,,,,,,Kenya National Bureau of Statistics
Annual,Total or no breakdown by education level,Total,Male,Number,2024,5499,,Thousands,,,,,,,,Kenya National Bureau of Statistics
Annual,Total or no breakdown by education level,Total,Male,Number,2025,6090,,Thousands,,,,,,,Provisional value,Kenya National Bureau of Statistics
Annual,Total or no breakdown by education level,Total,Female,Number,2015,,,Thousands,,,,,,,,Kenya National Bureau of Statistics
Annual,Total or no breakdown by education level,Total,Female,Number,2016,,,Thousands,,,,,,,,Kenya National Bureau of Statistics
Annual,Total or no breakdown by education level,Total,Female,Number,2017,,,Thousands,,,,,,,,Kenya National Bureau of Statistics
Annual,Total or no breakdown by education level,Total,Female,Number,2018,,,Thousands,,,,,,,,Kenya National Bureau of Statistics
Annual,Total or no breakdown by education level,Total,Female,Number,2019,,,Thousands,,,,,,,,Kenya National Bureau of Statistics
Annual,Total or no breakdown by education level,Total,Female,Number,2020,4978.7,,Thousands,,,,,,,,Kenya National Bureau of Statistics
Annual,Total or no breakdown by education level,Total,Female,Number,2021,5041.7,,Thousands,,,,,,,,Kenya National Bureau of Statistics
Annual,Total or no breakdown by education level,Total,Female,Number,2022,5116,,Thousands,,,,,,,,Kenya National Bureau of Statistics
Annual,Total or no breakdown by education level,Total,Female,Number,2023,5119.7,,Thousands,,,,,,,,Kenya National Bureau of Statistics
Annual,Total or no breakdown by education level,Total,Female,Number,2024,5234.3,,Thousands,,,,,,,,Kenya National Bureau of Statistics
Annual,Total or no breakdown by education level,Total,Female,Number,2025,5845,,Thousands,,,,,,,Provisional value,Kenya National Bureau of Statistics
Annual,Total or no breakdown by education level,Total,Total,Number,2015,,,Thousands,,,,,,,,Kenya National Bureau of Statistics
Annual,Total or no breakdown by education level,Total,Total,Number,2016,,,Thousands,,,,,,,,Kenya National Bureau of Statistics
Annual,Total or no breakdown by education level,Total,Total,Number,2017,,,Thousands,,,,,,,,Kenya National Bureau of Statistics
Annual,Total or no breakdown by education level,Total,Total,Number,2018,,,Thousands,,,,,,,,Kenya National Bureau of Statistics
Annual,Total or no breakdown by education level,Total,Total,Number,2019,,,Thousands,,,,,,,,Kenya National Bureau of Statistics
Annual,Total or no breakdown by education level,Total,Total,Number,2020,10170.1,,Thousands,,,,,,,,Kenya National Bureau of Statistics
Annual,Total or no breakdown by education level,Total,Total,Number,2021,10285.1,,Thousands,,,,,,,,Kenya National Bureau of Statistics
Annual,Total or no breakdown by education level,Total,Total,Number,2022,10364.2,,Thousands,,,,,,,,Kenya National Bureau of Statistics
Annual,Total or no breakdown by education level,Total,Total,Number,2023,10397.1,,Thousands,,,,,,,,Kenya National Bureau of Statistics
Annual,Total or no breakdown by education level,Total,Total,Number,2024,10733.3,,Thousands,,,,,,,,Kenya National Bureau of Statistics
Annual,Total or no breakdown by education level,Total,Total,Number,2025,11935.7,,Thousands,,,,,,,Provisional value,Kenya National Bureau of Statistics
Annual,Basic/Primary education,Total,Male,Number,2015,5127.9,,Thousands,,,,,,,,Kenya National Bureau of Statistics
Annual,Basic/Primary education,Total,Male,Number,2016,5219.3,,Thousands,,,,,,,,Kenya National Bureau of Statistics
Annual,Basic/Primary education,Total,Male,Number,2017,5293.9,,Thousands,,,,,,,,Kenya National Bureau of Statistics
Annual,Basic/Primary education,Total,Male,Number,2018,5364.3,,Thousands,,,,,,,,Kenya National Bureau of Statistics
Annual,Basic/Primary education,Total,Male,Number,2019,5105.8,,Thousands,,,,,,,,Kenya National Bureau of Statistics
Annual,Basic/Primary education,Total,Male,Number,2020,5191.4,,Thousands,,,,,,,,Kenya National Bureau of Statistics
Annual,Basic/Primary education,Total,Male,Number,2021,5243.5,,Thousands,,,,,,,,Kenya National Bureau of Statistics
Annual,Basic/Primary education,Total,Male,Number,2022,5248.2,,Thousands,,,,,,,,Kenya National Bureau of Statistics
Annual,Basic/Primary education,Total,Male,Number,2023,4621.4,,Thousands,,,,,,,,Kenya National Bureau of Statistics
Annual,Basic/Primary education,Total,Male,Number,2024,4197.9,,Thousands,,,,,,,,Kenya National Bureau of Statistics
Annual,Basic/Primary education,Total,Male,Number,2025,4192,,Thousands,,,,,,,Provisional value,Kenya National Bureau of Statistics
Annual,Basic/Primary education,Total,Female,Number,2015,4962.9,,Thousands,,,,,,,,Kenya National Bureau of Statistics
Annual,Basic/Primary education,Total,Female,Number,2016,5060.3,,Thousands,,,,,,,,Kenya National Bureau of Statistics
Annual,Basic/Primary education,Total,Female,Number,2017,5109.8,,Thousands,,,,,,,,Kenya National Bureau of Statistics
Annual,Basic/Primary education,Total,Female,Number,2018,5178.3,,Thousands,,,,,,,,Kenya National Bureau of Statistics
Annual,Basic/Primary education,Total,Female,Number,2019,4966.3,,Thousands,,,,,,,,Kenya National Bureau of Statistics
Annual,Basic/Primary education,Total,Female,Number,2020,4978.7,,Thousands,,,,,,,,Kenya National Bureau of Statistics
Annual,Basic/Primary education,Total,Female,Number,2021,5041.7,,Thousands,,,,,,,,Kenya National Bureau of Statistics
Annual,Basic/Primary education,Total,Female,Number,2022,5116,,Thousands,,,,,,,,Kenya National Bureau of Statistics
Annual,Basic/Primary education,Total,Female,Number,2023,4488.1,,Thousands,,,,,,,,Kenya National Bureau of Statistics
Annual,Basic/Primary education,Total,Female,Number,2024,4010.5,,Thousands,,,,,,,,Kenya National Bureau of Statistics
Annual,Basic/Primary education,Total,Female,Number,2025,4042,,Thousands,,,,,,,Provisional value,Kenya National Bureau of Statistics
Annual,Basic/Primary education,Total,Total,Number,2015,10090.8,,Thousands,,,,,,,,Kenya National Bureau of Statistics
Annual,Basic/Primary education,Total,Total,Number,2016,10279.7,,Thousands,,,,,,,,Kenya National Bureau of Statistics
Annual,Basic/Primary education,Total,Total,Number,2017,10403.7,,Thousands,,,,,,,,Kenya National Bureau of Statistics
Annual,Basic/Primary education,Total,Total,Number,2018,10542.5,,Thousands,,,,,,,,Kenya National Bureau of Statistics
Annual,Basic/Primary education,Total,Total,Number,2019,10072,,Thousands,,,,,,,,Kenya National Bureau of Statistics
Annual,Basic/Primary education,Total,Total,Number,2020,10170.1,,Thousands,,,,,,,,Kenya National Bureau of Statistics
Annual,Basic/Primary education,Total,Total,Number,2021,10285.1,,Thousands,,,,,,,,Kenya National Bureau of Statistics
Annual,Basic/Primary education,Total,Total,Number,2022,10364.2,,Thousands,,,,,,,,Kenya National Bureau of Statistics
Annual,Basic/Primary education,Total,Total,Number,2023,9109.6,,Thousands,,,,,,,,Kenya National Bureau of Statistics
Annual,Basic/Primary education,Total,Total,Number,2024,8208.4,,Thousands,,,,,,,,Kenya National Bureau of Statistics
Annual,Basic/Primary education,Total,Total,Number,2025,8234.6,,Thousands,,,,,,,Provisional value,Kenya National Bureau of Statistics
Annual,Basic/Primary education,Grade 1,Male,Number,2015,702,,Thousands,,,,,,,,Kenya National Bureau of Statistics
Annual,Basic/Primary education,Grade 1,Male,Number,2016,696.8,,Thousands,,,,,,,,Kenya National Bureau of Statistics
Annual,Basic/Primary education,Grade 1,Male,Number,2017,705.9,,Thousands,,,,,,,,Kenya National Bureau of Statistics
Annual,Basic/Primary education,Grade 1,Male,Number,2018,716.1,,Thousands,,,,,,,,Kenya National Bureau of Statistics
Annual,Basic/Primary education,Grade 1,Male,Number,2019,661,,Thousands,,,,,,,,Kenya National Bureau of Statistics
Annual,Basic/Primary education,Grade 1,Male,Number,2020,647,,Thousands,,,,,,,,Kenya National Bureau of Statistics
Annual,Basic/Primary education,Grade 1,Male,Number,2021,654.5,,Thousands,,,,,,,,Kenya National Bureau of Statistics
Annual,Basic/Primary education,Grade 1,Male,Number,2022,647.4,,Thousands,,,,,,,,Kenya National Bureau of Statistics
Annual,Basic/Primary education,Grade 1,Male,Number,2023,703.4,,Thousands,,,,,,,,Kenya National Bureau of Statistics
Annual,Basic/Primary education,Grade 1,Male,Number,2024,714.1,,Thousands,,,,,,,,Kenya National Bureau of Statistics
Annual,Basic/Primary education,Grade 1,Male,Number,2025,713.8,,Thousands,,,,,,,Provisional value,Kenya National Bureau of Statistics
Annual,Basic/Primary education,Grade 1,Female,Number,2015,659.4,,Thousands,,,,,,,,Kenya National Bureau of Statistics
Annual,Basic/Primary education,Grade 1,Female,Number,2016,655.8,,Thousands,,,,,,,,Kenya National Bureau of Statistics
Annual,Basic/Primary education,Grade 1,Female,Number,2017,664.4,,Thousands,,,,,,,,Kenya National Bureau of Statistics
Annual,Basic/Primary education,Grade 1,Female,Number,2018,674.1,,Thousands,,,,,,,,Kenya National Bureau of Statistics
Annual,Basic/Primary education,Grade 1,Female,Number,2019,620.1,,Thousands,,,,,,,,Kenya National Bureau of Statistics
Annual,Basic/Primary education,Grade 1,Female,Number,2020,609.6,,Thousands,,,,,,,,Kenya National Bureau of Statistics
Annual,Basic/Primary education,Grade 1,Female,Number,2021,622,,Thousands,,,,,,,,Kenya National Bureau of Statistics
Annual,Basic/Primary education,Grade 1,Female,Number,2022,615.6,,Thousands,,,,,,,,Kenya National Bureau of Statistics
Annual,Basic/Primary education,Grade 1,Female,Number,2023,683.9,,Thousands,,,,,,,,Kenya National Bureau of Statistics
Annual,Basic/Primary education,Grade 1,Female,Number,2024,687.2,,Thousands,,,,,,,,Kenya National Bureau of Statistics
Annual,Basic/Primary education,Grade 1,Female,Number,2025,694.6,,Thousands,,,,,,,Provisional value,Kenya National Bureau of Statistics
Annual,Basic/Primary education,Grade 1,Total,Number,2015,1361.4,,Thousands,,,,,,,,Kenya National Bureau of Statistics
Annual,Basic/Primary education,Grade 1,Total,Number,2016,1352.6,,Thousands,,,,,,,,Kenya National Bureau of Statistics
Annual,Basic/Primary education,Grade 1,Total,Number,2017,1370.3,,Thousands,,,,,,,,Kenya National Bureau of Statistics
Annual,Basic/Primary education,Grade 1,Total,Number,2018,1390.2,,Thousands,,,,,,,,Kenya National Bureau of Statistics
Annual,Basic/Primary education,Grade 1,Total,Number,2019,1281.1,,Thousands,,,,,,,,Kenya National Bureau of Statistics
Annual,Basic/Primary education,Grade 1,Total,Number,2020,1256.6,,Thousands,,,,,,,,Kenya National Bureau of Statistics
Annual,Basic/Primary education,Grade 1,Total,Number,2021,1276.5,,Thousands,,,,,,,,Kenya National Bureau of Statistics
Annual,Basic/Primary education,Grade 1,Total,Number,2022,1263,,Thousands,,,,,,,,Kenya National Bureau of Statistics
Annual,Basic/Primary education,Grade 1,Total,Number,2023,1387.4,,Thousands,,,,,,,,Kenya National Bureau of Statistics
Annual,Basic/Primary education,Grade 1,Total,Number,2024,1401.3,,Thousands,,,,,,,,Kenya National Bureau of Statistics
Annual,Basic/Primary education,Grade 1,Total,Number,2025,1408.4,,Thousands,,,,,,,Provisional value,Kenya National Bureau of Statistics
Annual,Basic/Primary education,Grade 2,Male,Number,2015,682.7,,Thousands,,,,,,,,Kenya National Bureau of Statistics
Annual,Basic/Primary education,Grade 2,Male,Number,2016,686.7,,Thousands,,,,,,,,Kenya National Bureau of Statistics
Annual,Basic/Primary education,Grade 2,Male,Number,2017,695.7,,Thousands,,,,,,,,Kenya National Bureau of Statistics
Annual,Basic/Primary education,Grade 2,Male,Number,2018,704.9,,Thousands,,,,,,,,Kenya National Bureau of Statistics
Annual,Basic/Primary education,Grade 2,Male,Number,2019,658.2,,Thousands,,,,,,,,Kenya National Bureau of Statistics
Annual,Basic/Primary education,Grade 2,Male,Number,2020,669.4,,Thousands,,,,,,,,Kenya National Bureau of Statistics
Annual,Basic/Primary education,Grade 2,Male,Number,2021,672.5,,Thousands,,,,,,,,Kenya National Bureau of Statistics
Annual,Basic/Primary education,Grade 2,Male,Number,2022,666.8,,Thousands,,,,,,,,Kenya National Bureau of Statistics
Annual,Basic/Primary education,Grade 2,Male,Number,2023,645.2,,Thousands,,,,,,,,Kenya National Bureau of Statistics
Annual,Basic/Primary education,Grade 2,Male,Number,2024,711.1,,Thousands,,,,,,,,Kenya National Bureau of Statistics
Annual,Basic/Primary education,Grade 2,Male,Number,2025,709.5,,Thousands,,,,,,,Provisional value,Kenya National Bureau of Statistics
Annual,Basic/Primary education,Grade 2,Female,Number,2015,648.3,,Thousands,,,,,,,,Kenya National Bureau of Statistics
Annual,Basic/Primary education,Grade 2,Female,Number,2016,650.7,,Thousands,,,,,,,,Kenya National Bureau of Statistics
Annual,Basic/Primary education,Grade 2,Female,Number,2017,655.2,,Thousands,,,,,,,,Kenya National Bureau of Statistics
Annual,Basic/Primary education,Grade 2,Female,Number,2018,663.9,,Thousands,,,,,,,,Kenya National Bureau of Statistics
Annual,Basic/Primary education,Grade 2,Female,Number,2019,618.9,,Thousands,,,,,,,,Kenya National Bureau of Statistics
Annual,Basic/Primary education,Grade 2,Female,Number,2020,623.7,,Thousands,,,,,,,,Kenya National Bureau of Statistics
Annual,Basic/Primary education,Grade 2,Female,Number,2021,635.6,,Thousands,,,,,,,,Kenya National Bureau of Statistics
Annual,Basic/Primary education,Grade 2,Female,Number,2022,650.7,,Thousands,,,,,,,,Kenya National Bureau of Statistics
Annual,Basic/Primary education,Grade 2,Female,Number,2023,611.5,,Thousands,,,,,,,,Kenya National Bureau of Statistics
Annual,Basic/Primary education,Grade 2,Female,Number,2024,685.9,,Thousands,,,,,,,,Kenya National Bureau of Statistics
Annual,Basic/Primary education,Grade 2,Female,Number,2025,688.6,,Thousands,,,,,,,Provisional value,Kenya National Bureau of Statistics
Annual,Basic/Primary education,Grade 2,Total,Number,2015,1331,,Thousands,,,,,,,,Kenya National Bureau of Statistics
Annual,Basic/Primary education,Grade 2,Total,Number,2016,1337.4,,Thousands,,,,,,,,Kenya National Bureau of Statistics
Annual,Basic/Primary education,Grade 2,Total,Number,2017,1350.9,,Thousands,,,,,,,,Kenya National Bureau of Statistics
Annual,Basic/Primary education,Grade 2,Total,Number,2018,1368.8,,Thousands,,,,,,,,Kenya National Bureau of Statistics
Annual,Basic/Primary education,Grade 2,Total,Number,2019,1277.1,,Thousands,,,,,,,,Kenya National Bureau of Statistics
Annual,Basic/Primary education,Grade 2,Total,Number,2020,1293,,Thousands,,,,,,,,Kenya National Bureau of Statistics
Annual,Basic/Primary education,Grade 2,Total,Number,2021,1308.1,,Thousands,,,,,,,,Kenya National Bureau of Statistics
Annual,Basic/Primary education,Grade 2,Total,Number,2022,1317.5,,Thousands,,,,,,,,Kenya National Bureau of Statistics
Annual,Basic/Primary education,Grade 2,Total,Number,2023,1256.7,,Thousands,,,,,,,,Kenya National Bureau of Statistics
Annual,Basic/Primary education,Grade 2,Total,Number,2024,1397,,Thousands,,,,,,,,Kenya National Bureau of Statistics
Annual,Basic/Primary education,Grade 2,Total,Number,2025,1398.1,,Thousands,,,,,,,Provisional value,Kenya National Bureau of Statistics
Annual,Basic/Primary education,Grade 3,Male,Number,2015,675.9,,Thousands,,,,,,,,Kenya National Bureau of Statistics
Annual,Basic/Primary education,Grade 3,Male,Number,2016,684.3,,Thousands,,,,,,,,Kenya National Bureau of Statistics
Annual,Basic/Primary education,Grade 3,Male,Number,2017,693.3,,Thousands,,,,,,,,Kenya National Bureau of Statistics
Annual,Basic/Primary education,Grade 3,Male,Number,2018,702.4,,Thousands,,,,,,,,Kenya National Bureau of Statistics
Annual,Basic/Primary education,Grade 3,Male,Number,2019,637,,Thousands,,,,,,,,Kenya National Bureau of Statistics
Annual,Basic/Primary education,Grade 3,Male,Number,2020,655.7,,Thousands,,,,,,,,Kenya National Bureau of Statistics
Annual,Basic/Primary education,Grade 3,Male,Number,2021,675.2,,Thousands,,,,,,,,Kenya National Bureau of Statistics
Annual,Basic/Primary education,Grade 3,Male,Number,2022,667.8,,Thousands,,,,,,,,Kenya National Bureau of Statistics
Annual,Basic/Primary education,Grade 3,Male,Number,2023,662.5,,Thousands,,,,,,,,Kenya National Bureau of Statistics
Annual,Basic/Primary education,Grade 3,Male,Number,2024,712.2,,Thousands,,,,,,,,Kenya National Bureau of Statistics
Annual,Basic/Primary education,Grade 3,Male,Number,2025,706.7,,Thousands,,,,,,,Provisional value,Kenya National Bureau of Statistics
Annual,Basic/Primary education,Grade 3,Female,Number,2015,641.9,,Thousands,,,,,,,,Kenya National Bureau of Statistics
Annual,Basic/Primary education,Grade 3,Female,Number,2016,653.9,,Thousands,,,,,,,,Kenya National Bureau of Statistics
Annual,Basic/Primary education,Grade 3,Female,Number,2017,652.9,,Thousands,,,,,,,,Kenya National Bureau of Statistics
Annual,Basic/Primary education,Grade 3,Female,Number,2018,661.6,,Thousands,,,,,,,,Kenya National Bureau of Statistics
Annual,Basic/Primary education,Grade 3,Female,Number,2019,605.5,,Thousands,,,,,,,,Kenya National Bureau of Statistics
Annual,Basic/Primary education,Grade 3,Female,Number,2020,618.3,,Thousands,,,,,,,,Kenya National Bureau of Statistics
Annual,Basic/Primary education,Grade 3,Female,Number,2021,643.2,,Thousands,,,,,,,,Kenya National Bureau of Statistics
Annual,Basic/Primary education,Grade 3,Female,Number,2022,648.6,,Thousands,,,,,,,,Kenya National Bureau of Statistics
Annual,Basic/Primary education,Grade 3,Female,Number,2023,643.4,,Thousands,,,,,,,,Kenya National Bureau of Statistics
Annual,Basic/Primary education,Grade 3,Female,Number,2024,683.7,,Thousands,,,,,,,,Kenya National Bureau of Statistics
Annual,Basic/Primary education,Grade 3,Female,Number,2025,683.1,,Thousands,,,,,,,Provisional value,Kenya National Bureau of Statistics
Annual,Basic/Primary education,Grade 3,Total,Number,2015,1317.8,,Thousands,,,,,,,,Kenya National Bureau of Statistics
Annual,Basic/Primary education,Grade 3,Total,Number,2016,1338.2,,Thousands,,,,,,,,Kenya National Bureau of Statistics
Annual,Basic/Primary education,Grade 3,Total,Number,2017,1346.2,,Thousands,,,,,,,,Kenya National Bureau of Statistics
Annual,Basic/Primary education,Grade 3,Total,Number,2018,1364,,Thousands,,,,,,,,Kenya National Bureau of Statistics
Annual,Basic/Primary education,Grade 3,Total,Number,2019,1242.5,,Thousands,,,,,,,,Kenya National Bureau of Statistics
Annual,Basic/Primary education,Grade 3,Total,Number,2020,1274,,Thousands,,,,,,,,Kenya National Bureau of Statistics
Annual,Basic/Primary education,Grade 3,Total,Number,2021,1318.4,,Thousands,,,,,,,,Kenya National Bureau of Statistics
Annual,Basic/Primary education,Grade 3,Total,Number,2022,1316.4,,Thousands,,,,,,,,Kenya National Bureau of Statistics
Annual,Basic/Primary education,Grade 3,Total,Number,2023,1305.9,,Thousands,,,,,,,,Kenya National Bureau of Statistics
Annual,Basic/Primary education,Grade 3,Total,Number,2024,1395.9,,Thousands,,,,,,,,Kenya National Bureau of Statistics
Annual,Basic/Primary education,Grade 3,Total,Number,2025,1389.8,,Thousands,,,,,,,Provisional value,Kenya National Bureau of Statistics
Annual,Basic/Primary education,Grade 4,Male,Number,2015,683.9,,Thousands,,,,,,,,Kenya National Bureau of Statistics
Annual,Basic/Primary education,Grade 4,Male,Number,2016,693.4,,Thousands,,,,,,,,Kenya National Bureau of Statistics
Annual,Basic/Primary education,Grade 4,Male,Number,2017,694.2,,Thousands,,,,,,,,Kenya National Bureau of Statistics
Annual,Basic/Primary education,Grade 4,Male,Number,2018,703.4,,Thousands,,,,,,,,Kenya National Bureau of Statistics
Annual,Basic/Primary education,Grade 4,Male,Number,2019,665.8,,Thousands,,,,,,,,Kenya National Bureau of Statistics
Annual,Basic/Primary education,Grade 4,Male,Number,2020,641.2,,Thousands,,,,,,,,Kenya National Bureau of Statistics
Annual,Basic/Primary education,Grade 4,Male,Number,2021,658.3,,Thousands,,,,,,,,Kenya National Bureau of Statistics
Annual,Basic/Primary education,Grade 4,Male,Number,2022,659,,Thousands,,,,,,,,Kenya National Bureau of Statistics
Annual,Basic/Primary education,Grade 4,Male,Number,2023,661.9,,Thousands,,,,,,,,Kenya National Bureau of Statistics
Annual,Basic/Primary education,Grade 4,Male,Number,2024,690.6,,Thousands,,,,,,,,Kenya National Bureau of Statistics
Annual,Basic/Primary education,Grade 4,Male,Number,2025,710.7,,Thousands,,,,,,,Provisional value,Kenya National Bureau of Statistics
Annual,Basic/Primary education,Grade 4,Female,Number,2015,657.3,,Thousands,,,,,,,,Kenya National Bureau of Statistics
Annual,Basic/Primary education,Grade 4,Female,Number,2016,669.3,,Thousands,,,,,,,,Kenya National Bureau of Statistics
Annual,Basic/Primary education,Grade 4,Female,Number,2017,665.4,,Thousands,,,,,,,,Kenya National Bureau of Statistics
Annual,Basic/Primary education,Grade 4,Female,Number,2018,674.4,,Thousands,,,,,,,,Kenya National Bureau of Statistics
Annual,Basic/Primary education,Grade 4,Female,Number,2019,635.6,,Thousands,,,,,,,,Kenya National Bureau of Statistics
Annual,Basic/Primary education,Grade 4,Female,Number,2020,605.4,,Thousands,,,,,,,,Kenya National Bureau of Statistics
Annual,Basic/Primary education,Grade 4,Female,Number,2021,626.7,,Thousands,,,,,,,,Kenya National Bureau of Statistics
Annual,Basic/Primary education,Grade 4,Female,Number,2022,642.9,,Thousands,,,,,,,,Kenya National Bureau of Statistics
Annual,Basic/Primary education,Grade 4,Female,Number,2023,643.4,,Thousands,,,,,,,,Kenya National Bureau of Statistics
Annual,Basic/Primary education,Grade 4,Female,Number,2024,658.6,,Thousands,,,,,,,,Kenya National Bureau of Statistics
Annual,Basic/Primary education,Grade 4,Female,Number,2025,684.5,,Thousands,,,,,,,Provisional value,Kenya National Bureau of Statistics
Annual,Basic/Primary education,Grade 4,Total,Number,2015,1341.2,,Thousands,,,,,,,,Kenya National Bureau of Statistics
Annual,Basic/Primary education,Grade 4,Total,Number,2016,1362.7,,Thousands,,,,,,,,Kenya National Bureau of Statistics
Annual,Basic/Primary education,Grade 4,Total,Number,2017,1359.7,,Thousands,,,,,,,,Kenya National Bureau of Statistics
Annual,Basic/Primary education,Grade 4,Total,Number,2018,1377.8,,Thousands,,,,,,,,Kenya National Bureau of Statistics
Annual,Basic/Primary education,Grade 4,Total,Number,2019,1301.4,,Thousands,,,,,,,,Kenya National Bureau of Statistics
Annual,Basic/Primary education,Grade 4,Total,Number,2020,1246.6,,Thousands,,,,,,,,Kenya National Bureau of Statistics
Annual,Basic/Primary education,Grade 4,Total,Number,2021,1285.1,,Thousands,,,,,,,,Kenya National Bureau of Statistics
Annual,Basic/Primary education,Grade 4,Total,Number,2022,1301.9,,Thousands,,,,,,,,Kenya National Bureau of Statistics
Annual,Basic/Primary education,Grade 4,Total,Number,2023,1305.3,,Thousands,,,,,,,,Kenya National Bureau of Statistics
Annual,Basic/Primary education,Grade 4,Total,Number,2024,1349.2,,Thousands,,,,,,,,Kenya National Bureau of Statistics
Annual,Basic/Primary education,Grade 4,Total,Number,2025,1395.2,,Thousands,,,,,,,Provisional value,Kenya National Bureau of Statistics
Annual,Basic/Primary education,Grade 5,Male,Number,2015,657.4,,Thousands,,,,,,,,Kenya National Bureau of Statistics
Annual,Basic/Primary education,Grade 5,Male,Number,2016,667.7,,Thousands,,,,,,,,Kenya National Bureau of Statistics
Annual,Basic/Primary education,Grade 5,Male,Number,2017,681.1,,Thousands,,,,,,,,Kenya National Bureau of Statistics
Annual,Basic/Primary education,Grade 5,Male,Number,2018,690,,Thousands,,,,,,,,Kenya National Bureau of Statistics
Annual,Basic/Primary education,Grade 5,Male,Number,2019,657.4,,Thousands,,,,,,,,Kenya National Bureau of Statistics
Annual,Basic/Primary education,Grade 5,Male,Number,2020,679.6,,Thousands,,,,,,,,Kenya National Bureau of Statistics
Annual,Basic/Primary education,Grade 5,Male,Number,2021,649.6,,Thousands,,,,,,,,Kenya National Bureau of Statistics
Annual,Basic/Primary education,Grade 5,Male,Number,2022,646.6,,Thousands,,,,,,,,Kenya National Bureau of Statistics
Annual,Basic/Primary education,Grade 5,Male,Number,2023,653.2,,Thousands,,,,,,,,Kenya National Bureau of Statistics
Annual,Basic/Primary education,Grade 5,Male,Number,2024,692.8,,Thousands,,,,,,,,Kenya National Bureau of Statistics
Annual,Basic/Primary education,Grade 5,Male,Number,2025,684.2,,Thousands,,,,,,,Provisional value,Kenya National Bureau of Statistics
Annual,Basic/Primary education,Grade 5,Female,Number,2015,641.1,,Thousands,,,,,,,,Kenya National Bureau of Statistics
Annual,Basic/Primary education,Grade 5,Female,Number,2016,651.2,,Thousands,,,,,,,,Kenya National Bureau of Statistics
Annual,Basic/Primary education,Grade 5,Female,Number,2017,667.5,,Thousands,,,,,,,,Kenya National Bureau of Statistics
Annual,Basic/Primary education,Grade 5,Female,Number,2018,676.2,,Thousands,,,,,,,,Kenya National Bureau of Statistics
Annual,Basic/Primary education,Grade 5,Female,Number,2019,643.7,,Thousands,,,,,,,,Kenya National Bureau of Statistics
Annual,Basic/Primary education,Grade 5,Female,Number,2020,644.8,,Thousands,,,,,,,,Kenya National Bureau of Statistics
Annual,Basic/Primary education,Grade 5,Female,Number,2021,618.6,,Thousands,,,,,,,,Kenya National Bureau of Statistics
Annual,Basic/Primary education,Grade 5,Female,Number,2022,630.6,,Thousands,,,,,,,,Kenya National Bureau of Statistics
Annual,Basic/Primary education,Grade 5,Female,Number,2023,642.6,,Thousands,,,,,,,,Kenya National Bureau of Statistics
Annual,Basic/Primary education,Grade 5,Female,Number,2024,658,,Thousands,,,,,,,,Kenya National Bureau of Statistics
Annual,Basic/Primary education,Grade 5,Female,Number,2025,654,,Thousands,,,,,,,Provisional value,Kenya National Bureau of Statistics
Annual,Basic/Primary education,Grade 5,Total,Number,2015,1298.5,,Thousands,,,,,,,,Kenya National Bureau of Statistics
Annual,Basic/Primary education,Grade 5,Total,Number,2016,1.318.9,,Thousands,,,,,,,,Kenya National Bureau of Statistics
Annual,Basic/Primary education,Grade 5,Total,Number,2017,1348.6,,Thousands,,,,,,,,Kenya National Bureau of Statistics
Annual,Basic/Primary education,Grade 5,Total,Number,2018,1366.2,,Thousands,,,,,,,,Kenya National Bureau of Statistics
Annual,Basic/Primary education,Grade 5,Total,Number,2019,1301.2,,Thousands,,,,,,,,Kenya National Bureau of Statistics
Annual,Basic/Primary education,Grade 5,Total,Number,2020,1324.5,,Thousands,,,,,,,,Kenya National Bureau of Statistics
Annual,Basic/Primary education,Grade 5,Total,Number,2021,1268.2,,Thousands,,,,,,,,Kenya National Bureau of Statistics
Annual,Basic/Primary education,Grade 5,Total,Number,2022,1277.2,,Thousands,,,,,,,,Kenya National Bureau of Statistics
Annual,Basic/Primary education,Grade 5,Total,Number,2023,1295.8,,Thousands,,,,,,,,Kenya National Bureau of Statistics
Annual,Basic/Primary education,Grade 5,Total,Number,2024,1350.8,,Thousands,,,,,,,,Kenya National Bureau of Statistics
Annual,Basic/Primary education,Grade 5,Total,Number,2025,1338.3,,Thousands,,,,,,,Provisional value,Kenya National Bureau of Statistics
Annual,Basic/Primary education,Grade 6 (KPSEA),Male,Number,2015,638.7,,Thousands,,,,,,,,Kenya National Bureau of Statistics
Annual,Basic/Primary education,Grade 6 (KPSEA),Male,Number,2016,658.1,,Thousands,,,,,,,,Kenya National Bureau of Statistics
Annual,Basic/Primary education,Grade 6 (KPSEA),Male,Number,2017,669.8,,Thousands,,,,,,,,Kenya National Bureau of Statistics
Annual,Basic/Primary education,Grade 6 (KPSEA),Male,Number,2018,678.5,,Thousands,,,,,,,,Kenya National Bureau of Statistics
Annual,Basic/Primary education,Grade 6 (KPSEA),Male,Number,2019,650.4,,Thousands,,,,,,,,Kenya National Bureau of Statistics
Annual,Basic/Primary education,Grade 6 (KPSEA),Male,Number,2020,666.1,,Thousands,,,,,,,,Kenya National Bureau of Statistics
Annual,Basic/Primary education,Grade 6 (KPSEA),Male,Number,2021,687.4,,Thousands,,,,,,,,Kenya National Bureau of Statistics
Annual,Basic/Primary education,Grade 6 (KPSEA),Male,Number,2022,665.6,,Thousands,,,,,,,,Kenya National Bureau of Statistics
Annual,Basic/Primary education,Grade 6 (KPSEA),Male,Number,2023,645.9,,Thousands,,,,,,,,Kenya National Bureau of Statistics
Annual,Basic/Primary education,Grade 6 (KPSEA),Male,Number,2024,677,,Thousands,,,,,,,,Kenya National Bureau of Statistics
Annual,Basic/Primary education,Grade 6 (KPSEA),Male,Number,2025,667.2,,Thousands,,,,,,,Provisional value,Kenya National Bureau of Statistics
Annual,Basic/Primary education,Grade 6 (KPSEA),Female,Number,2015,633.9,,Thousands,,,,,,,,Kenya National Bureau of Statistics
Annual,Basic/Primary education,Grade 6 (KPSEA),Female,Number,2016,650.8,,Thousands,,,,,,,,Kenya National Bureau of Statistics
Annual,Basic/Primary education,Grade 6 (KPSEA),Female,Number,2017,655.2,,Thousands,,,,,,,,Kenya National Bureau of Statistics
Annual,Basic/Primary education,Grade 6 (KPSEA),Female,Number,2018,663.8,,Thousands,,,,,,,,Kenya National Bureau of Statistics
Annual,Basic/Primary education,Grade 6 (KPSEA),Female,Number,2019,645.4,,Thousands,,,,,,,,Kenya National Bureau of Statistics
Annual,Basic/Primary education,Grade 6 (KPSEA),Female,Number,2020,649.3,,Thousands,,,,,,,,Kenya National Bureau of Statistics
Annual,Basic/Primary education,Grade 6 (KPSEA),Female,Number,2021,660.8,,Thousands,,,,,,,,Kenya National Bureau of Statistics
Annual,Basic/Primary education,Grade 6 (KPSEA),Female,Number,2022,649.8,,Thousands,,,,,,,,Kenya National Bureau of Statistics
Annual,Basic/Primary education,Grade 6 (KPSEA),Female,Number,2023,630,,Thousands,,,,,,,,Kenya National Bureau of Statistics
Annual,Basic/Primary education,Grade 6 (KPSEA),Female,Number,2024,637.1,,Thousands,,,,,,,,Kenya National Bureau of Statistics
Annual,Basic/Primary education,Grade 6 (KPSEA),Female,Number,2025,637.7,,Thousands,,,,,,,Provisional value,Kenya National Bureau of Statistics
Annual,Basic/Primary education,Grade 6 (KPSEA),Total,Number,2015,1272.6,,Thousands,,,,,,,,Kenya National Bureau of Statistics
Annual,Basic/Primary education,Grade 6 (KPSEA),Total,Number,2016,1308.9,,Thousands,,,,,,,,Kenya National Bureau of Statistics
Annual,Basic/Primary education,Grade 6 (KPSEA),Total,Number,2017,1325,,Thousands,,,,,,,,Kenya National Bureau of Statistics
Annual,Basic/Primary education,Grade 6 (KPSEA),Total,Number,2018,1342.4,,Thousands,,,,,,,,Kenya National Bureau of Statistics
Annual,Basic/Primary education,Grade 6 (KPSEA),Total,Number,2019,1295.7,,Thousands,,,,,,,,Kenya National Bureau of Statistics
Annual,Basic/Primary education,Grade 6 (KPSEA),Total,Number,2020,1315.4,,Thousands,,,,,,,,Kenya National Bureau of Statistics
Annual,Basic/Primary education,Grade 6 (KPSEA),Total,Number,2021,1348.2,,Thousands,,,,,,,,Kenya National Bureau of Statistics
Annual,Basic/Primary education,Grade 6 (KPSEA),Total,Number,2022,1315.4,,Thousands,,,,,,,,Kenya National Bureau of Statistics
Annual,Basic/Primary education,Grade 6 (KPSEA),Total,Number,2023,1275.9,,Thousands,,,,,,,,Kenya National Bureau of Statistics
Annual,Basic/Primary education,Grade 6 (KPSEA),Total,Number,2024,1314.1,,Thousands,,,,,,,,Kenya National Bureau of Statistics
Annual,Basic/Primary education,Grade 6 (KPSEA),Total,Number,2025,1304.9,,Thousands,,,,,,,Provisional value,Kenya National Bureau of Statistics
Annual,Basic/Primary education,Standard 7,Male,Number,2015,616.6,,Thousands,,,,,,,,Kenya National Bureau of Statistics
Annual,Basic/Primary education,Standard 7,Male,Number,2016,646.1,,Thousands,,,,,,,,Kenya National Bureau of Statistics
Annual,Basic/Primary education,Standard 7,Male,Number,2017,656.1,,Thousands,,,,,,,,Kenya National Bureau of Statistics
Annual,Basic/Primary education,Standard 7,Male,Number,2018,664.6,,Thousands,,,,,,,,Kenya National Bureau of Statistics
Annual,Basic/Primary education,Standard 7,Male,Number,2019,646.3,,Thousands,,,,,,,,Kenya National Bureau of Statistics
Annual,Basic/Primary education,Standard 7,Male,Number,2020,651.1,,Thousands,,,,,,,,Kenya National Bureau of Statistics
Annual,Basic/Primary education,Standard 7,Male,Number,2021,656.5,,Thousands,,,,,,,,Kenya National Bureau of Statistics
Annual,Basic/Primary education,Standard 7,Male,Number,2022,651.9,,Thousands,,,,,,,,Kenya National Bureau of Statistics
Annual,Basic/Primary education,Standard 7,Male,Number,2023,,,Thousands,,,,,,,,Kenya National Bureau of Statistics
Annual,Basic/Primary education,Standard 7,Male,Number,2024,,,Thousands,,,,,,,,Kenya National Bureau of Statistics
Annual,Basic/Primary education,Standard 7,Male,Number,2025,,,Thousands,,,,,,,Provisional value,Kenya National Bureau of Statistics
Annual,Basic/Primary education,Standard 7,Female,Number,2015,619.7,,Thousands,,,,,,,,Kenya National Bureau of Statistics
Annual,Basic/Primary education,Standard 7,Female,Number,2016,650.9,,Thousands,,,,,,,,Kenya National Bureau of Statistics
Annual,Basic/Primary education,Standard 7,Female,Number,2017,652.9,,Thousands,,,,,,,,Kenya National Bureau of Statistics
Annual,Basic/Primary education,Standard 7,Female,Number,2018,661.5,,Thousands,,,,,,,,Kenya National Bureau of Statistics
Annual,Basic/Primary education,Standard 7,Female,Number,2019,647.8,,Thousands,,,,,,,,Kenya National Bureau of Statistics
Annual,Basic/Primary education,Standard 7,Female,Number,2020,645,,Thousands,,,,,,,,Kenya National Bureau of Statistics
Annual,Basic/Primary education,Standard 7,Female,Number,2021,647.2,,Thousands,,,,,,,,Kenya National Bureau of Statistics
Annual,Basic/Primary education,Standard 7,Female,Number,2022,637.7,,Thousands,,,,,,,,Kenya National Bureau of Statistics
Annual,Basic/Primary education,Standard 7,Female,Number,2023,,,Thousands,,,,,,,,Kenya National Bureau of Statistics
Annual,Basic/Primary education,Standard 7,Female,Number,2024,,,Thousands,,,,,,,,Kenya National Bureau of Statistics
Annual,Basic/Primary education,Standard 7,Female,Number,2025,,,Thousands,,,,,,,Provisional value,Kenya National Bureau of Statistics
Annual,Basic/Primary education,Standard 7,Total,Number,2015,1236.3,,Thousands,,,,,,,,Kenya National Bureau of Statistics
Annual,Basic/Primary education,Standard 7,Total,Number,2016,1297,,Thousands,,,,,,,,Kenya National Bureau of Statistics
Annual,Basic/Primary education,Standard 7,Total,Number,2017,1309,,Thousands,,,,,,,,Kenya National Bureau of Statistics
Annual,Basic/Primary education,Standard 7,Total,Number,2018,1326.1,,Thousands,,,,,,,,Kenya National Bureau of Statistics
Annual,Basic/Primary education,Standard 7,Total,Number,2019,1294.1,,Thousands,,,,,,,,Kenya National Bureau of Statistics
Annual,Basic/Primary education,Standard 7,Total,Number,2020,1296.1,,Thousands,,,,,,,,Kenya National Bureau of Statistics
Annual,Basic/Primary education,Standard 7,Total,Number,2021,1303.7,,Thousands,,,,,,,,Kenya National Bureau of Statistics
Annual,Basic/Primary education,Standard 7,Total,Number,2022,1289.6,,Thousands,,,,,,,,Kenya National Bureau of Statistics
Annual,Basic/Primary education,Standard 7,Total,Number,2023,,,Thousands,,,,,,,,Kenya National Bureau of Statistics
Annual,Basic/Primary education,Standard 7,Total,Number,2024,,,Thousands,,,,,,,,Kenya National Bureau of Statistics
Annual,Basic/Primary education,Standard 7,Total,Number,2025,,,Thousands,,,,,,,Provisional value,Kenya National Bureau of Statistics
Annual,Basic/Primary education,Standard 8,Male,Number,2015,470.7,,Thousands,,,,,,,,Kenya National Bureau of Statistics
Annual,Basic/Primary education,Standard 8,Male,Number,2016,486.2,,Thousands,,,,,,,,Kenya National Bureau of Statistics
Annual,Basic/Primary education,Standard 8,Male,Number,2017,497.7,,Thousands,,,,,,,,Kenya National Bureau of Statistics
Annual,Basic/Primary education,Standard 8,Male,Number,2018,504.3,,Thousands,,,,,,,,Kenya National Bureau of Statistics
Annual,Basic/Primary education,Standard 8,Male,Number,2019,529.7,,Thousands,,,,,,,,Kenya National Bureau of Statistics
Annual,Basic/Primary education,Standard 8,Male,Number,2020,581.3,,Thousands,,,,,,,,Kenya National Bureau of Statistics
Annual,Basic/Primary education,Standard 8,Male,Number,2021,589.4,,Thousands,,,,,,,,Kenya National Bureau of Statistics
Annual,Basic/Primary education,Standard 8,Male,Number,2022,643.1,,Thousands,,,,,,,,Kenya National Bureau of Statistics
Annual,Basic/Primary education,Standard 8,Male,Number,2023,649.3,,Thousands,,,,,,,,Kenya National Bureau of Statistics
Annual,Basic/Primary education,Standard 8,Male,Number,2024,,,Thousands,,,,,,,,Kenya National Bureau of Statistics
Annual,Basic/Primary education,Standard 8,Male,Number,2025,,,Thousands,,,,,,,Provisional value,Kenya National Bureau of Statistics
Annual,Basic/Primary education,Standard 8,Female,Number,2015,461.3,,Thousands,,,,,,,,Kenya National Bureau of Statistics
Annual,Basic/Primary education,Standard 8,Female,Number,2016,477.8,,Thousands,,,,,,,,Kenya National Bureau of Statistics
Annual,Basic/Primary education,Standard 8,Female,Number,2017,496.3,,Thousands,,,,,,,,Kenya National Bureau of Statistics
Annual,Basic/Primary education,Standard 8,Female,Number,2018,502.8,,Thousands,,,,,,,,Kenya National Bureau of Statistics
Annual,Basic/Primary education,Standard 8,Female,Number,2019,549.2,,Thousands,,,,,,,,Kenya National Bureau of Statistics
Annual,Basic/Primary education,Standard 8,Female,Number,2020,582.5,,Thousands,,,,,,,,Kenya National Bureau of Statistics
Annual,Basic/Primary education,Standard 8,Female,Number,2021,587.6,,Thousands,,,,,,,,Kenya National Bureau of Statistics
Annual,Basic/Primary education,Standard 8,Female,Number,2022,640.1,,Thousands,,,,,,,,Kenya National Bureau of Statistics
Annual,Basic/Primary education,Standard 8,Female,Number,2023,633.3,,Thousands,,,,,,,,Kenya National Bureau of Statistics
Annual,Basic/Primary education,Standard 8,Female,Number,2024,,,Thousands,,,,,,,,Kenya National Bureau of Statistics
Annual,Basic/Primary education,Standard 8,Female,Number,2025,,,Thousands,,,,,,,Provisional value,Kenya National Bureau of Statistics
Annual,Basic/Primary education,Standard 8,Total,Number,2015,932,,Thousands,,,,,,,,Kenya National Bureau of Statistics
Annual,Basic/Primary education,Standard 8,Total,Number,2016,964,,Thousands,,,,,,,,Kenya National Bureau of Statistics
Annual,Basic/Primary education,Standard 8,Total,Number,2017,994,,Thousands,,,,,,,,Kenya National Bureau of Statistics
Annual,Basic/Primary education,Standard 8,Total,Number,2018,1007.1,,Thousands,,,,,,,,Kenya National Bureau of Statistics
Annual,Basic/Primary education,Standard 8,Total,Number,2019,1079,,Thousands,,,,,,,,Kenya National Bureau of Statistics
Annual,Basic/Primary education,Standard 8,Total,Number,2020,1163.8,,Thousands,,,,,,,,Kenya National Bureau of Statistics
Annual,Basic/Primary education,Standard 8,Total,Number,2021,1177,,Thousands,,,,,,,,Kenya National Bureau of Statistics
Annual,Basic/Primary education,Standard 8,Total,Number,2022,1283.2,,Thousands,,,,,,,,Kenya National Bureau of Statistics
Annual,Basic/Primary education,Standard 8,Total,Number,2023,1282.6,,Thousands,,,,,,,,Kenya National Bureau of Statistics
Annual,Basic/Primary education,Standard 8,Total,Number,2024,,,Thousands,,,,,,,,Kenya National Bureau of Statistics
Annual,Basic/Primary education,Standard 8,Total,Number,2025,,,Thousands,,,,,,,Provisional value,Kenya National Bureau of Statistics
Annual,Junior secondary education,Grade 7,Male,Number,2015,,,Thousands,,,,,,,,Kenya National Bureau of Statistics
Annual,Junior secondary education,Grade 7,Male,Number,2016,,,Thousands,,,,,,,,Kenya National Bureau of Statistics
Annual,Junior secondary education,Grade 7,Male,Number,2017,,,Thousands,,,,,,,,Kenya National Bureau of Statistics
Annual,Junior secondary education,Grade 7,Male,Number,2018,,,Thousands,,,,,,,,Kenya National Bureau of Statistics
Annual,Junior secondary education,Grade 7,Male,Number,2019,,,Thousands,,,,,,,,Kenya National Bureau of Statistics
Annual,Junior secondary education,Grade 7,Male,Number,2020,,,Thousands,,,,,,,,Kenya National Bureau of Statistics
Annual,Junior secondary education,Grade 7,Male,Number,2021,,,Thousands,,,,,,,,Kenya National Bureau of Statistics
Annual,Junior secondary education,Grade 7,Male,Number,2022,,,Thousands,,,,,,,,Kenya National Bureau of Statistics
Annual,Junior secondary education,Grade 7,Male,Number,2023,656,,Thousands,,,,,,,,Kenya National Bureau of Statistics
Annual,Junior secondary education,Grade 7,Male,Number,2024,658,,Thousands,,,,,,,,Kenya National Bureau of Statistics
Annual,Junior secondary education,Grade 7,Male,Number,2025,678.3,,Thousands,,,,,,,Provisional value,Kenya National Bureau of Statistics
Annual,Junior secondary education,Grade 7,Female,Number,2015,,,Thousands,,,,,,,,Kenya National Bureau of Statistics
Annual,Junior secondary education,Grade 7,Female,Number,2016,,,Thousands,,,,,,,,Kenya National Bureau of Statistics
Annual,Junior secondary education,Grade 7,Female,Number,2017,,,Thousands,,,,,,,,Kenya National Bureau of Statistics
Annual,Junior secondary education,Grade 7,Female,Number,2018,,,Thousands,,,,,,,,Kenya National Bureau of Statistics
Annual,Junior secondary education,Grade 7,Female,Number,2019,,,Thousands,,,,,,,,Kenya National Bureau of Statistics
Annual,Junior secondary education,Grade 7,Female,Number,2020,,,Thousands,,,,,,,,Kenya National Bureau of Statistics
Annual,Junior secondary education,Grade 7,Female,Number,2021,,,Thousands,,,,,,,,Kenya National Bureau of Statistics
Annual,Junior secondary education,Grade 7,Female,Number,2022,,,Thousands,,,,,,,,Kenya National Bureau of Statistics
Annual,Junior secondary education,Grade 7,Female,Number,2023,631.5,,Thousands,,,,,,,,Kenya National Bureau of Statistics
Annual,Junior secondary education,Grade 7,Female,Number,2024,623.6,,Thousands,,,,,,,,Kenya National Bureau of Statistics
Annual,Junior secondary education,Grade 7,Female,Number,2025,640.7,,Thousands,,,,,,,Provisional value,Kenya National Bureau of Statistics
Annual,Junior secondary education,Grade 7,Total,Number,2015,,,Thousands,,,,,,,,Kenya National Bureau of Statistics
Annual,Junior secondary education,Grade 7,Total,Number,2016,,,Thousands,,,,,,,,Kenya National Bureau of Statistics
Annual,Junior secondary education,Grade 7,Total,Number,2017,,,Thousands,,,,,,,,Kenya National Bureau of Statistics
Annual,Junior secondary education,Grade 7,Total,Number,2018,,,Thousands,,,,,,,,Kenya National Bureau of Statistics
Annual,Junior secondary education,Grade 7,Total,Number,2019,,,Thousands,,,,,,,,Kenya National Bureau of Statistics
Annual,Junior secondary education,Grade 7,Total,Number,2020,,,Thousands,,,,,,,,Kenya National Bureau of Statistics
Annual,Junior secondary education,Grade 7,Total,Number,2021,,,Thousands,,,,,,,,Kenya National Bureau of Statistics
Annual,Junior secondary education,Grade 7,Total,Number,2022,,,Thousands,,,,,,,,Kenya National Bureau of Statistics
Annual,Junior secondary education,Grade 7,Total,Number,2023,1287.5,,Thousands,,,,,,,,Kenya National Bureau of Statistics
Annual,Junior secondary education,Grade 7,Total,Number,2024,1281.6,,Thousands,,,,,,,,Kenya National Bureau of Statistics
Annual,Junior secondary education,Grade 7,Total,Number,2025,1319.1,,Thousands,,,,,,,Provisional value,Kenya National Bureau of Statistics
Annual,Junior secondary education,Grade 8,Male,Number,2015,,,Thousands,,,,,,,,Kenya National Bureau of Statistics
Annual,Junior secondary education,Grade 8,Male,Number,2016,,,Thousands,,,,,,,,Kenya National Bureau of Statistics
Annual,Junior secondary education,Grade 8,Male,Number,2017,,,Thousands,,,,,,,,Kenya National Bureau of Statistics
Annual,Junior secondary education,Grade 8,Male,Number,2018,,,Thousands,,,,,,,,Kenya National Bureau of Statistics
Annual,Junior secondary education,Grade 8,Male,Number,2019,,,Thousands,,,,,,,,Kenya National Bureau of Statistics
Annual,Junior secondary education,Grade 8,Male,Number,2020,,,Thousands,,,,,,,,Kenya National Bureau of Statistics
Annual,Junior secondary education,Grade 8,Male,Number,2021,,,Thousands,,,,,,,,Kenya National Bureau of Statistics
Annual,Junior secondary education,Grade 8,Male,Number,2022,,,Thousands,,,,,,,,Kenya National Bureau of Statistics
Annual,Junior secondary education,Grade 8,Male,Number,2023,,,Thousands,,,,,,,,Kenya National Bureau of Statistics
Annual,Junior secondary education,Grade 8,Male,Number,2024,643,,Thousands,,,,,,,,Kenya National Bureau of Statistics
Annual,Junior secondary education,Grade 8,Male,Number,2025,1898,,Thousands,,,,,,,Provisional value,Kenya National Bureau of Statistics
Annual,Junior secondary education,Grade 8,Female,Number,2015,,,Thousands,,,,,,,,Kenya National Bureau of Statistics
Annual,Junior secondary education,Grade 8,Female,Number,2016,,,Thousands,,,,,,,,Kenya National Bureau of Statistics
Annual,Junior secondary education,Grade 8,Female,Number,2017,,,Thousands,,,,,,,,Kenya National Bureau of Statistics
Annual,Junior secondary education,Grade 8,Female,Number,2018,,,Thousands,,,,,,,,Kenya National Bureau of Statistics
Annual,Junior secondary education,Grade 8,Female,Number,2019,,,Thousands,,,,,,,,Kenya National Bureau of Statistics
Annual,Junior secondary education,Grade 8,Female,Number,2020,,,Thousands,,,,,,,,Kenya National Bureau of Statistics
Annual,Junior secondary education,Grade 8,Female,Number,2021,,,Thousands,,,,,,,,Kenya National Bureau of Statistics
Annual,Junior secondary education,Grade 8,Female,Number,2022,,,Thousands,,,,,,,,Kenya National Bureau of Statistics
Annual,Junior secondary education,Grade 8,Female,Number,2023,,,Thousands,,,,,,,,Kenya National Bureau of Statistics
Annual,Junior secondary education,Grade 8,Female,Number,2024,600.2,,Thousands,,,,,,,,Kenya National Bureau of Statistics
Annual,Junior secondary education,Grade 8,Female,Number,2025,1803,,Thousands,,,,,,,Provisional value,Kenya National Bureau of Statistics
Annual,Junior secondary education,Grade 8,Total,Number,2015,,,Thousands,,,,,,,,Kenya National Bureau of Statistics
Annual,Junior secondary education,Grade 8,Total,Number,2016,,,Thousands,,,,,,,,Kenya National Bureau of Statistics
Annual,Junior secondary education,Grade 8,Total,Number,2017,,,Thousands,,,,,,,,Kenya National Bureau of Statistics
Annual,Junior secondary education,Grade 8,Total,Number,2018,,,Thousands,,,,,,,,Kenya National Bureau of Statistics
Annual,Junior secondary education,Grade 8,Total,Number,2019,,,Thousands,,,,,,,,Kenya National Bureau of Statistics
Annual,Junior secondary education,Grade 8,Total,Number,2020,,,Thousands,,,,,,,,Kenya National Bureau of Statistics
Annual,Junior secondary education,Grade 8,Total,Number,2021,,,Thousands,,,,,,,,Kenya National Bureau of Statistics
Annual,Junior secondary education,Grade 8,Total,Number,2022,,,Thousands,,,,,,,,Kenya National Bureau of Statistics
Annual,Junior secondary education,Grade 8,Total,Number,2023,,,Thousands,,,,,,,,Kenya National Bureau of Statistics
Annual,Junior secondary education,Grade 8,Total,Number,2024,1243.2,,Thousands,,,,,,,,Kenya National Bureau of Statistics
Annual,Junior secondary education,Grade 8,Total,Number,2025,3701.1,,Thousands,,,,,,,Provisional value,Kenya National Bureau of Statistics
